,Industry,Region,Growth Rate,Top Competitor,Job Demand,Satisfaction Score,Report Date
0,Education,South America,6.5,Company E,93939,4.5,2023-02-26
1,Retail,South America,5.9,Company C,79345,4.2,2023-04-22
2,Finance,South America,3.1,Company A,160107,4.2,2023-01-05
3,Retail,South America,4.5,Company A,171866,4.9,2023-07-01
4,Retail,Africa,6.4,Company F,119166,3.2,2023-01-13
5,Healthcare,Africa,5.5,Company A,147406,2.5,2023-12-05
6,Finance,Europe,9.9,Company F,99298,3.2,2023-10-12
7,Finance,North America,2.2,Company B,94942,3.0,2023-09-16
8,Finance,South America,7.3,Company B,53453,4.2,2023-03-31
9,Retail,Europe,4.6,Company D,152811,4.1,2023-04-14
10,Education,North America,4.9,Company F,104935,4.0,2023-07-05
11,Finance,Asia,7.5,Company D,172439,2.5,2023-09-07
12,Retail,Africa,7.2,Company D,58328,4.3,2023-09-12
13,Healthcare,North America,9.9,Company B,65534,3.3,2023-03-17
14,Education,Asia,2.2,Company F,135280,4.2,2023-04-18
15,Healthcare,North America,1.9,Company B,86320,3.9,2023-06-05
16,Education,Africa,7.5,Company D,99170,3.4,2023-03-23
17,Retail,Africa,6.2,Company F,150546,2.8,2023-03-18
18,Technology,Europe,3.5,Company D,130201,2.7,2023-09-15
19,Education,South America,1.7,Company E,58640,4.6,2023-05-07
20,Healthcare,North America,1.8,Company F,186690,4.8,2023-10-09
21,Retail,North America,9.0,Company F,182992,4.1,2023-03-29
22,Education,Asia,2.7,Company D,93937,2.8,2023-07-23
23,Technology,Africa,3.9,Company E,193279,3.5,2023-01-16
24,Technology,North America,3.0,Company C,191871,4.3,2023-05-31
25,Finance,Africa,4.2,Company B,120463,4.4,2023-09-11
26,Finance,North America,1.6,Company D,143500,2.8,2023-07-07
27,Healthcare,Europe,5.7,Company F,87158,2.5,2023-11-25
28,Education,South America,1.6,Company B,134607,4.3,2023-02-01
29,Education,North America,8.2,Company B,169639,3.4,2023-09-28
30,Finance,Africa,3.1,Company B,121696,3.1,2023-01-05
31,Education,Europe,5.9,Company C,111510,2.5,2023-11-26
32,Education,North America,8.9,Company A,170076,3.9,2023-11-04
33,Technology,Asia,6.9,Company D,108692,4.6,2023-11-29
34,Finance,South America,5.8,Company A,180841,4.9,2023-06-18
35,Retail,North America,3.9,Company A,65810,3.9,2023-06-30
36,Finance,Europe,4.0,Company A,186198,3.8,2024-01-01
37,Retail,Asia,7.0,Company B,161718,2.7,2023-06-27
38,Technology,Europe,9.9,Company E,140932,3.9,2023-05-23
39,Healthcare,Europe,7.0,Company B,50192,3.4,2023-12-28
40,Education,Asia,6.0,Company B,86413,4.0,2023-09-05
41,Technology,Europe,7.6,Company F,193888,3.5,2023-05-07
42,Education,Asia,5.2,Company F,89082,3.1,2023-09-20
43,Healthcare,North America,1.5,Company A,115048,2.7,2023-02-09
44,Healthcare,Asia,6.1,Company B,173130,3.3,2023-12-21
45,Technology,Asia,9.6,Company A,100940,2.7,2023-09-12
46,Healthcare,South America,2.6,Company F,90142,2.9,2023-05-23
47,Retail,Asia,7.2,Company E,86468,5.0,2023-08-28
48,Healthcare,Asia,2.8,Company D,191727,3.6,2023-08-16
49,Education,North America,5.8,Company A,190431,3.8,2023-12-07
50,Education,South America,1.9,Company E,179048,4.7,2023-07-17
51,Education,Africa,5.1,Company D,92056,5.0,2023-03-06
52,Education,North America,7.8,Company C,101831,4.0,2023-01-11
53,Retail,North America,4.1,Company A,109191,4.5,2023-04-18
54,Finance,Africa,7.0,Company A,171948,3.3,2023-01-26
55,Technology,Asia,8.2,Company C,158117,3.3,2023-05-31
56,Education,Europe,9.3,Company C,64671,3.5,2023-08-09
57,Healthcare,South America,3.1,Company A,77048,4.2,2023-12-07
58,Education,Europe,4.6,Company C,75963,4.2,2023-08-25
59,Healthcare,Africa,2.4,Company B,93954,3.3,2023-08-25
60,Healthcare,North America,9.9,Company D,145430,2.8,2023-08-07
61,Education,North America,9.3,Company D,50717,4.1,2023-05-31
62,Retail,South America,5.9,Company D,61676,2.8,2023-05-03
63,Healthcare,North America,8.6,Company B,185506,3.9,2023-05-24
64,Healthcare,North America,5.7,Company C,168696,4.2,2023-07-08
65,Education,South America,6.6,Company E,180830,4.3,2023-09-12
66,Healthcare,South America,1.8,Company C,54994,4.4,2023-03-09
67,Healthcare,Africa,7.8,Company A,54234,4.7,2023-04-14
68,Education,North America,2.1,Company F,119300,3.7,2023-12-02
69,Education,North America,8.4,Company D,93949,4.3,2023-06-08
70,Technology,Africa,8.0,Company C,87405,4.0,2023-11-05
71,Retail,Asia,7.4,Company E,84872,3.0,2023-12-28
72,Retail,Asia,1.3,Company A,92215,2.6,2023-10-27
73,Healthcare,Asia,3.7,Company B,73185,3.2,2023-03-31
74,Retail,Africa,3.4,Company B,91153,3.6,2023-12-23
75,Healthcare,North America,4.2,Company E,127535,4.0,2023-09-13
76,Technology,Africa,1.8,Company A,183653,4.6,2023-12-19
77,Education,Africa,9.4,Company D,101717,3.0,2023-08-08
78,Education,Asia,6.0,Company C,52763,2.8,2023-01-09
79,Education,Europe,3.7,Company A,142910,4.9,2023-01-12
80,Retail,North America,4.6,Company B,105480,2.8,2023-11-21
81,Technology,Asia,5.0,Company E,168094,3.7,2023-09-01
82,Retail,Europe,6.4,Company E,61064,4.0,2023-07-01
83,Retail,Europe,5.6,Company C,126848,3.9,2023-10-11
84,Technology,South America,9.3,Company E,87548,2.7,2023-11-08
85,Technology,North America,5.5,Company E,56476,2.6,2023-04-09
86,Technology,Europe,9.9,Company A,140101,2.8,2023-07-16
87,Technology,Asia,8.7,Company D,52382,4.0,2024-01-01
88,Education,South America,2.9,Company C,129698,3.9,2023-08-14
89,Finance,North America,9.4,Company A,95095,3.1,2023-11-29
90,Finance,Africa,2.0,Company D,179974,4.1,2023-04-13
91,Technology,Asia,8.4,Company A,77197,4.6,2023-04-16
92,Finance,Europe,4.4,Company F,177619,2.6,2023-12-31
93,Finance,Europe,8.9,Company A,72010,3.7,2023-02-27
94,Technology,Asia,8.8,Company E,137923,4.2,2023-03-19
95,Finance,Europe,8.3,Company D,183962,3.1,2023-03-16
96,Retail,South America,8.1,Company C,180526,3.3,2023-02-11
97,Healthcare,North America,3.7,Company C,159162,4.0,2023-11-20
98,Healthcare,South America,1.7,Company D,170927,4.7,2023-06-30
99,Technology,Europe,4.6,Company E,58026,4.5,2023-02-02
100,Education,Africa,2.6,Company B,114925,4.0,2023-03-12
101,Technology,North America,7.3,Company A,118842,4.3,2023-02-25
102,Education,North America,4.1,Company E,83665,3.4,2023-04-15
103,Healthcare,Asia,9.8,Company F,59277,4.1,2023-07-19
104,Technology,Asia,6.8,Company D,98008,3.7,2023-04-11
105,Retail,Africa,8.4,Company A,64683,3.0,2023-09-13
106,Finance,North America,2.2,Company C,181742,4.3,2023-11-03
107,Education,Africa,8.8,Company B,198961,3.9,2023-03-15
108,Finance,Asia,9.3,Company F,128542,3.4,2023-06-20
109,Finance,Asia,5.4,Company C,104319,4.8,2023-05-23
110,Technology,North America,6.5,Company D,142067,2.6,2023-06-15
111,Finance,South America,7.9,Company A,197705,3.3,2023-09-18
112,Retail,Europe,2.6,Company D,118975,2.6,2023-08-09
113,Finance,Asia,5.5,Company A,151158,4.4,2023-03-24
114,Technology,Asia,4.6,Company E,61577,4.3,2023-07-01
115,Retail,South America,2.3,Company B,127299,3.3,2023-11-03
116,Healthcare,South America,4.3,Company E,70176,4.2,2023-01-10
117,Finance,Africa,1.6,Company E,113972,3.5,2023-01-04
118,Technology,Africa,1.2,Company D,170018,4.4,2023-12-17
119,Healthcare,Europe,2.2,Company B,69996,3.6,2023-12-02
120,Healthcare,Europe,9.7,Company A,150922,3.5,2023-10-19
121,Education,North America,5.9,Company A,136598,4.8,2023-10-08
122,Retail,Africa,9.7,Company F,85931,3.1,2023-08-03
123,Finance,Asia,4.9,Company C,174168,2.8,2023-04-08
124,Technology,Africa,3.8,Company F,173099,4.0,2023-04-11
125,Education,Asia,5.6,Company F,84693,4.9,2023-01-09
126,Retail,South America,5.0,Company A,158944,3.4,2023-03-02
127,Education,Africa,2.0,Company D,67374,2.7,2023-11-05
128,Retail,South America,6.8,Company E,131471,3.3,2023-05-26
129,Retail,Europe,2.9,Company E,95913,3.8,2023-03-04
130,Finance,Europe,6.6,Company E,173683,2.9,2023-05-01
131,Retail,North America,6.9,Company B,94516,4.1,2023-08-14
132,Education,Africa,2.4,Company A,137796,5.0,2023-04-15
133,Retail,South America,1.6,Company D,76069,3.6,2023-09-17
134,Finance,Asia,8.0,Company B,168333,3.4,2023-12-15
135,Finance,Europe,5.1,Company C,134811,3.5,2023-09-12
136,Education,Europe,1.5,Company D,168028,2.8,2023-07-26
137,Healthcare,Asia,10.0,Company F,89178,4.7,2023-01-28
138,Healthcare,South America,1.5,Company D,82821,3.5,2023-06-19
139,Retail,South America,7.3,Company D,66999,3.5,2023-12-02
140,Technology,Africa,9.9,Company E,88712,4.1,2023-03-17
141,Retail,Africa,3.2,Company D,83722,3.6,2023-04-26
142,Education,North America,2.3,Company F,60625,4.1,2023-03-10
143,Education,Europe,2.1,Company F,56859,2.7,2023-12-20
144,Education,Africa,3.7,Company A,160986,4.5,2023-08-22
145,Education,South America,1.9,Company D,71839,4.9,2023-01-01
146,Education,Asia,7.2,Company E,77216,4.1,2023-06-16
147,Finance,South America,1.6,Company D,102953,4.9,2023-12-18
148,Healthcare,Europe,5.6,Company C,99522,2.9,2023-08-06
149,Education,South America,10.0,Company C,185958,3.7,2023-09-30
150,Technology,North America,8.3,Company E,161249,4.0,2023-09-08
151,Technology,Europe,6.5,Company A,57485,4.0,2023-12-13
152,Technology,Asia,3.8,Company A,197839,3.5,2023-12-10
153,Technology,North America,6.6,Company F,162701,3.3,2023-06-23
154,Finance,Europe,5.7,Company F,152638,2.8,2023-06-19
155,Technology,Asia,4.8,Company B,62226,3.5,2023-09-03
156,Education,North America,2.2,Company E,143405,2.9,2023-03-31
157,Retail,North America,9.0,Company D,72588,4.3,2023-02-18
158,Technology,Europe,5.0,Company E,87019,3.0,2023-10-21
159,Finance,Africa,2.8,Company B,115133,2.6,2023-05-30
160,Finance,North America,4.3,Company F,164444,3.9,2023-05-12
161,Technology,North America,4.7,Company E,167603,4.0,2023-02-28
162,Retail,Asia,8.4,Company E,178585,4.7,2023-11-20
163,Technology,South America,7.6,Company F,93395,3.9,2023-07-18
164,Finance,Europe,7.9,Company B,175814,3.4,2023-08-03
165,Healthcare,Europe,1.1,Company F,162599,4.5,2023-02-18
166,Education,Africa,4.7,Company A,75939,3.9,2023-08-20
167,Finance,Africa,5.3,Company D,50203,2.7,2023-09-04
168,Technology,Europe,1.2,Company F,197616,3.9,2023-08-27
169,Education,Africa,3.3,Company B,196971,4.8,2023-06-17
170,Technology,Asia,7.8,Company C,79063,3.5,2023-02-17
171,Technology,Europe,2.2,Company A,140880,3.2,2023-02-20
172,Healthcare,Africa,5.8,Company C,53748,2.9,2023-10-26
173,Education,Europe,2.9,Company F,167269,2.9,2023-04-08
174,Education,South America,1.1,Company A,130764,3.6,2023-08-04
175,Healthcare,North America,3.2,Company D,158036,4.0,2023-06-26
176,Finance,Europe,9.8,Company F,166525,2.7,2023-03-21
177,Technology,North America,8.2,Company D,135679,4.8,2023-07-04
178,Retail,Africa,9.6,Company E,175829,4.4,2023-01-27
179,Technology,North America,5.4,Company C,178216,4.0,2023-07-14
180,Technology,Europe,2.0,Company A,183175,4.6,2023-08-02
181,Finance,South America,5.9,Company D,115901,2.7,2023-12-08
182,Technology,Africa,5.1,Company B,197175,3.7,2023-04-24
183,Healthcare,Europe,8.6,Company D,148046,4.1,2023-08-30
184,Healthcare,Africa,1.9,Company B,140012,4.6,2023-05-04
185,Education,Asia,5.4,Company F,128278,4.5,2023-11-01
186,Retail,North America,2.4,Company A,62391,3.2,2023-03-17
187,Technology,Asia,3.9,Company D,152476,4.9,2023-11-07
188,Technology,Europe,7.6,Company D,170721,2.8,2023-11-08
189,Finance,South America,5.3,Company A,147537,4.7,2023-07-15
190,Healthcare,Africa,4.4,Company D,131159,4.9,2023-12-17
191,Retail,North America,4.6,Company B,181040,2.9,2023-02-13
192,Education,Africa,5.1,Company D,85503,4.3,2023-07-05
193,Healthcare,Europe,8.1,Company C,125403,2.6,2023-12-09
194,Education,Africa,9.0,Company F,114286,3.5,2023-09-03
195,Finance,North America,9.6,Company E,124842,3.8,2023-03-25
196,Finance,Europe,8.1,Company B,154927,4.0,2023-07-26
197,Technology,Africa,3.8,Company C,64908,4.8,2023-05-31
198,Retail,South America,7.2,Company F,87228,4.2,2023-06-05
199,Education,Europe,4.9,Company A,73386,3.7,2023-01-16
200,Healthcare,Europe,3.3,Company B,78302,4.5,2023-06-14
201,Finance,South America,8.6,Company E,110815,4.9,2023-05-25
202,Technology,Asia,1.3,Company F,113344,2.6,2023-02-06
203,Technology,North America,9.1,Company E,161603,5.0,2023-11-29
204,Education,Asia,5.2,Company A,111114,2.7,2023-02-14
205,Finance,Africa,6.7,Company A,75525,4.5,2023-07-25
206,Retail,South America,6.9,Company B,129818,3.2,2023-03-03
207,Finance,Asia,9.1,Company D,164589,2.8,2023-12-22
208,Education,Europe,6.7,Company A,195406,3.6,2023-11-04
209,Education,Africa,6.5,Company F,144715,4.1,2023-01-19
210,Finance,Africa,1.6,Company D,56644,3.5,2023-12-31
211,Education,Asia,5.7,Company C,151154,2.6,2023-10-27
212,Finance,Asia,2.4,Company E,93469,4.0,2023-01-07
213,Healthcare,South America,7.6,Company D,156609,4.8,2023-09-06
214,Finance,North America,5.6,Company E,198447,3.5,2023-04-27
215,Finance,Asia,7.1,Company D,115206,3.0,2023-03-09
216,Education,Asia,1.4,Company C,146462,3.6,2023-02-03
217,Education,Europe,1.8,Company A,133178,2.6,2023-07-13
218,Technology,Africa,7.4,Company C,136724,4.6,2023-11-21
219,Technology,North America,1.6,Company A,146393,4.6,2023-02-24
220,Healthcare,Europe,1.6,Company A,177314,4.0,2023-09-23
221,Technology,South America,1.1,Company E,126312,3.4,2023-02-11
222,Finance,South America,9.6,Company F,125324,4.5,2023-10-24
223,Education,Asia,7.6,Company C,121196,3.9,2023-08-19
224,Technology,Asia,4.2,Company D,120014,4.6,2023-01-10
225,Technology,South America,3.7,Company C,189282,4.1,2023-12-24
226,Healthcare,Asia,4.1,Company E,191994,4.5,2023-05-08
227,Healthcare,North America,8.0,Company A,83340,4.0,2023-06-28
228,Finance,Asia,7.0,Company E,89850,3.5,2023-07-12
229,Education,Africa,2.7,Company B,163711,4.9,2023-04-02
230,Healthcare,Asia,2.6,Company B,61094,3.9,2023-08-19
231,Technology,Europe,1.9,Company D,137959,4.0,2023-03-19
232,Education,North America,6.9,Company E,55741,3.1,2023-03-26
233,Education,Europe,7.9,Company D,161585,4.1,2023-01-30
234,Technology,Europe,3.4,Company D,172564,3.9,2023-08-01
235,Healthcare,Africa,1.2,Company B,118798,3.0,2023-02-18
236,Technology,North America,1.7,Company D,166026,2.6,2023-09-22
237,Education,North America,9.7,Company B,160130,4.0,2023-05-25
238,Retail,North America,3.7,Company A,72164,4.4,2023-03-10
239,Retail,North America,7.9,Company E,80257,3.8,2023-02-27
240,Finance,North America,6.6,Company D,195283,3.1,2023-07-04
241,Technology,Africa,4.4,Company B,145989,4.2,2023-03-03
242,Technology,Asia,2.9,Company C,186304,2.7,2023-11-04
243,Finance,Europe,2.1,Company D,102691,3.6,2023-10-23
244,Finance,North America,6.5,Company F,129768,2.9,2023-06-15
245,Finance,Asia,8.0,Company A,64026,3.0,2023-06-20
246,Education,Asia,6.8,Company A,80908,3.0,2023-03-04
247,Technology,Europe,5.8,Company C,69610,3.5,2023-05-27
248,Education,Africa,1.4,Company B,113185,2.6,2023-11-02
249,Finance,South America,9.7,Company D,122567,3.5,2023-06-10
250,Technology,South America,8.2,Company B,86182,3.8,2023-05-21
251,Education,Asia,3.6,Company A,166136,3.7,2023-11-30
252,Education,Europe,9.8,Company B,181642,3.5,2023-04-07
253,Finance,South America,6.4,Company A,69288,4.6,2023-08-09
254,Technology,Asia,6.2,Company B,128824,2.9,2023-02-12
255,Finance,Africa,7.7,Company C,134425,3.8,2023-10-19
256,Technology,South America,8.3,Company E,50917,2.7,2023-04-18
257,Retail,Asia,6.9,Company C,125602,2.7,2023-09-23
258,Healthcare,Asia,2.2,Company C,114575,3.9,2023-04-05
259,Healthcare,North America,4.0,Company E,122518,3.9,2023-09-19
260,Healthcare,Africa,9.4,Company E,89104,4.7,2023-11-09
261,Finance,North America,3.0,Company D,199134,3.9,2023-03-12
262,Retail,Europe,4.3,Company D,66999,4.9,2023-08-07
263,Technology,North America,4.9,Company C,191013,2.6,2023-01-21
264,Education,North America,5.0,Company C,111169,2.7,2023-04-02
265,Technology,South America,6.5,Company A,179744,2.6,2023-05-07
266,Education,Asia,9.5,Company A,160684,3.0,2023-03-21
267,Technology,Africa,3.2,Company D,109821,3.9,2023-11-08
268,Retail,North America,2.1,Company F,185601,4.1,2023-08-26
269,Education,Africa,2.8,Company F,62192,2.6,2023-07-01
270,Finance,North America,9.0,Company D,124102,4.9,2023-01-25
271,Technology,Europe,6.8,Company A,164894,4.6,2023-06-05
272,Technology,North America,3.6,Company A,136795,3.2,2023-01-05
273,Education,South America,8.3,Company F,116677,2.7,2023-04-30
274,Finance,Asia,8.8,Company B,185699,2.9,2023-10-04
275,Finance,Europe,8.6,Company B,184327,2.8,2023-01-18
276,Retail,North America,9.3,Company A,186285,2.8,2023-07-17
277,Finance,Africa,3.3,Company B,152412,3.8,2023-02-26
278,Finance,Europe,7.8,Company E,69404,3.1,2023-04-03
279,Finance,Europe,5.1,Company D,166545,3.4,2023-01-19
280,Healthcare,North America,8.6,Company D,73989,5.0,2023-12-19
281,Retail,Europe,7.6,Company A,158106,4.2,2023-07-12
282,Technology,Africa,8.0,Company C,74519,4.9,2023-08-25
283,Education,Europe,6.9,Company F,72439,2.9,2023-10-04
284,Technology,Africa,2.6,Company A,168570,3.5,2023-08-15
285,Retail,North America,5.9,Company B,64995,3.9,2023-08-21
286,Education,Asia,9.9,Company F,73559,2.7,2023-02-09
287,Retail,Europe,9.4,Company C,139049,2.5,2023-11-19
288,Finance,Asia,1.4,Company B,186093,4.2,2023-06-02
289,Education,Africa,2.5,Company E,148000,4.1,2023-05-07
290,Finance,Europe,2.2,Company B,89350,3.5,2023-08-25
291,Technology,South America,7.5,Company E,75517,3.7,2023-02-24
292,Technology,Asia,8.4,Company F,139132,3.5,2023-06-21
293,Education,Europe,2.9,Company E,109546,2.6,2023-04-19
294,Education,Asia,5.6,Company F,155686,3.3,2023-12-20
295,Retail,Europe,8.6,Company F,138151,2.9,2023-07-03
296,Retail,North America,7.6,Company F,53327,2.7,2023-07-17
297,Finance,Asia,5.9,Company F,170318,4.9,2023-03-28
298,Education,South America,6.3,Company F,165945,4.0,2023-07-20
299,Technology,South America,5.6,Company B,96830,4.3,2023-12-03
300,Retail,Africa,3.7,Company F,102446,3.3,2023-11-18
301,Retail,Europe,6.1,Company B,196232,3.5,2023-10-02
302,Technology,Asia,7.2,Company F,190148,3.1,2023-07-30
303,Retail,Africa,8.9,Company E,119341,2.7,2023-04-28
304,Finance,Asia,6.7,Company F,81085,2.9,2023-07-10
305,Education,Europe,7.9,Company C,105571,4.5,2023-02-11
306,Technology,South America,2.4,Company F,195787,4.2,2023-02-11
307,Education,North America,5.2,Company F,178308,3.9,2023-11-11
308,Retail,South America,1.1,Company E,55750,3.7,2023-10-03
309,Retail,Africa,3.2,Company D,163931,4.8,2023-11-25
310,Technology,North America,7.5,Company E,128768,2.7,2023-01-17
311,Finance,Africa,9.9,Company C,85903,3.2,2023-10-10
312,Healthcare,Europe,1.9,Company D,141036,3.4,2023-09-15
313,Technology,North America,4.6,Company A,137954,4.5,2023-03-04
314,Healthcare,Africa,8.2,Company A,133014,5.0,2023-03-03
315,Healthcare,Europe,2.8,Company C,167305,3.1,2023-04-10
316,Finance,South America,6.0,Company E,82101,4.7,2023-01-19
317,Healthcare,Europe,7.6,Company B,52775,4.6,2023-01-17
318,Healthcare,Asia,6.5,Company C,161497,3.1,2023-11-21
319,Finance,Europe,2.7,Company D,95619,3.5,2023-09-03
320,Healthcare,Europe,4.2,Company D,107124,3.5,2023-09-08
321,Healthcare,Asia,8.1,Company F,115149,4.9,2023-03-22
322,Healthcare,Africa,6.0,Company A,76616,3.0,2023-02-08
323,Technology,Africa,1.0,Company D,111799,4.5,2023-02-05
324,Technology,Europe,7.8,Company C,140221,3.3,2023-07-16
325,Technology,Asia,1.3,Company D,164879,4.3,2023-06-07
326,Finance,Asia,7.7,Company C,75479,3.6,2023-07-23
327,Retail,South America,2.8,Company B,149165,3.9,2023-07-15
328,Healthcare,Africa,9.6,Company F,105863,4.6,2023-08-04
329,Healthcare,North America,4.3,Company A,132569,4.5,2023-10-12
330,Finance,Africa,3.9,Company D,196480,4.7,2023-07-15
331,Healthcare,Africa,2.3,Company C,66351,2.6,2023-11-03
332,Technology,South America,3.8,Company E,185203,4.2,2023-06-01
333,Retail,North America,8.9,Company A,94825,2.8,2023-01-14
334,Education,South America,10.0,Company B,61349,3.5,2023-11-21
335,Healthcare,North America,4.3,Company C,94254,3.9,2023-05-26
336,Technology,Europe,5.0,Company F,88225,3.5,2023-02-26
337,Education,North America,7.5,Company F,62453,3.8,2023-07-30
338,Retail,South America,9.0,Company B,199886,5.0,2023-09-25
339,Education,Africa,6.3,Company B,199335,2.8,2023-07-29
340,Technology,North America,4.5,Company F,127694,4.2,2023-01-17
341,Education,North America,4.7,Company D,65735,3.5,2023-10-13
342,Finance,Asia,7.3,Company D,196902,2.8,2023-12-10
343,Education,Africa,1.0,Company C,97893,2.9,2023-07-22
344,Healthcare,Europe,6.6,Company E,177006,4.9,2023-04-09
345,Healthcare,South America,4.2,Company C,95066,4.7,2023-10-06
346,Finance,Europe,8.1,Company E,184445,4.8,2023-07-28
347,Technology,Africa,1.8,Company B,191407,5.0,2023-05-09
348,Healthcare,North America,6.3,Company A,60692,3.0,2023-12-01
349,Retail,North America,5.3,Company C,95541,3.4,2023-10-15
350,Healthcare,Africa,6.8,Company C,116983,4.2,2023-09-09
351,Healthcare,North America,1.6,Company E,170747,3.7,2023-09-22
352,Technology,North America,6.2,Company B,135103,3.5,2023-09-28
353,Education,North America,6.1,Company B,75566,3.4,2023-07-07
354,Healthcare,South America,6.0,Company E,123193,4.0,2023-08-02
355,Finance,South America,6.4,Company B,191417,3.9,2023-10-10
356,Education,Asia,7.1,Company F,171015,2.9,2023-07-30
357,Retail,Europe,8.2,Company D,180956,3.7,2023-12-31
358,Technology,Africa,3.4,Company F,120744,3.9,2023-03-17
359,Retail,Africa,8.4,Company A,83455,3.9,2023-05-28
360,Education,Africa,5.5,Company C,104219,3.0,2023-11-17
361,Education,Asia,1.7,Company A,95991,4.4,2023-08-01
362,Education,South America,1.5,Company C,123616,2.6,2023-04-19
363,Retail,Asia,4.0,Company D,137438,3.4,2023-05-09
364,Education,Africa,8.1,Company B,166841,4.5,2023-01-10
365,Retail,Europe,7.4,Company F,190558,3.9,2023-02-16
366,Education,North America,8.1,Company E,108870,3.2,2023-11-11
367,Finance,South America,5.7,Company F,136694,4.2,2023-04-06
368,Education,South America,5.0,Company D,93856,3.9,2023-04-13
369,Retail,Asia,2.3,Company A,151407,4.5,2023-12-08
370,Healthcare,South America,4.0,Company E,81379,4.3,2023-05-26
371,Education,Africa,4.9,Company B,114729,4.0,2023-01-27
372,Healthcare,Africa,1.8,Company D,104353,3.7,2023-08-08
373,Finance,Asia,3.0,Company E,64031,2.8,2023-01-18
374,Technology,Africa,6.4,Company D,115982,3.2,2023-06-16
375,Finance,Europe,7.6,Company D,86683,3.5,2023-03-23
376,Education,Asia,10.0,Company B,164091,4.0,2023-03-13
377,Healthcare,Europe,9.4,Company C,167797,3.8,2023-11-06
378,Healthcare,North America,6.8,Company E,198690,3.2,2023-09-11
379,Retail,Europe,4.8,Company B,56587,2.5,2023-06-11
380,Healthcare,North America,6.7,Company D,112790,3.7,2023-11-23
381,Retail,North America,8.1,Company B,81480,3.2,2023-02-07
382,Technology,Europe,2.1,Company C,73569,4.3,2023-07-20
383,Education,Asia,4.7,Company F,61151,2.6,2023-07-19
384,Retail,Africa,8.6,Company E,94739,4.0,2023-09-12
385,Technology,Africa,4.5,Company C,82954,4.9,2023-06-28
386,Healthcare,North America,6.1,Company A,159373,2.9,2023-02-04
387,Healthcare,North America,6.3,Company E,84700,3.7,2023-03-23
388,Technology,Asia,2.7,Company C,173728,2.7,2023-08-08
389,Healthcare,South America,4.3,Company D,116788,4.1,2023-06-07
390,Technology,Europe,4.0,Company E,121045,3.9,2023-01-04
391,Retail,North America,1.2,Company E,194972,3.5,2023-06-16
392,Retail,Africa,1.2,Company B,177992,3.8,2023-07-23
393,Technology,Asia,8.5,Company D,130059,4.7,2023-07-13
394,Retail,Europe,3.5,Company A,51881,3.0,2023-08-23
395,Retail,Asia,5.7,Company F,182702,2.6,2023-07-25
396,Retail,Europe,3.7,Company C,70789,4.7,2023-05-30
397,Finance,Europe,9.5,Company B,176083,3.9,2023-06-08
398,Education,North America,3.3,Company C,138059,4.7,2023-10-06
399,Healthcare,Asia,4.9,Company A,96151,4.0,2023-10-31
400,Finance,Asia,8.9,Company A,159388,4.5,2023-06-15
401,Retail,Africa,8.6,Company E,53262,3.6,2023-11-07
402,Technology,Africa,2.7,Company A,116981,4.4,2023-03-09
403,Retail,North America,8.2,Company C,170951,4.8,2023-03-29
404,Education,North America,5.1,Company D,173099,3.9,2023-08-05
405,Retail,South America,5.3,Company D,131972,3.0,2023-01-01
406,Technology,Africa,2.2,Company E,125485,3.2,2023-05-15
407,Education,Europe,1.7,Company F,104722,3.0,2023-07-04
408,Retail,Asia,7.6,Company C,139499,3.1,2023-12-17
409,Education,North America,5.5,Company C,56901,3.3,2023-05-20
410,Healthcare,Asia,4.9,Company A,167473,3.9,2023-04-16
411,Healthcare,Asia,7.6,Company C,58597,4.0,2023-05-13
412,Retail,South America,7.9,Company B,179631,3.6,2023-04-18
413,Education,Africa,2.4,Company F,113909,4.0,2023-06-27
414,Technology,North America,6.5,Company A,122391,2.7,2023-10-25
415,Retail,Asia,2.2,Company B,189335,2.7,2023-12-24
416,Healthcare,North America,7.8,Company E,113293,2.9,2023-12-25
417,Healthcare,Europe,6.9,Company D,61874,3.8,2023-05-26
418,Retail,South America,9.6,Company E,136402,3.0,2023-03-15
419,Education,Europe,1.6,Company D,64079,3.2,2023-04-18
420,Healthcare,North America,1.5,Company E,122779,3.5,2023-05-02
421,Education,North America,3.5,Company C,145408,4.5,2023-01-17
422,Healthcare,Africa,3.4,Company B,190090,2.5,2023-07-15
423,Healthcare,Asia,3.2,Company D,170606,4.1,2023-11-23
424,Finance,Asia,9.2,Company A,170062,4.2,2023-11-14
425,Healthcare,Europe,3.2,Company B,62100,4.5,2023-10-24
426,Technology,South America,3.4,Company A,107021,4.8,2023-09-09
427,Retail,Asia,7.8,Company B,178126,2.6,2023-04-29
428,Retail,Africa,5.0,Company B,142446,2.9,2023-06-11
429,Education,Europe,8.0,Company E,79437,4.7,2023-07-17
430,Healthcare,Europe,1.6,Company D,70862,3.6,2023-02-14
431,Technology,Africa,5.4,Company D,61669,3.9,2023-11-10
432,Education,South America,1.3,Company B,171219,4.2,2023-06-28
433,Finance,Africa,1.6,Company C,65916,4.2,2023-02-13
434,Education,South America,9.2,Company C,60878,4.8,2023-09-28
435,Education,Africa,2.3,Company A,52985,5.0,2023-03-19
436,Healthcare,Africa,5.8,Company A,91235,4.3,2023-11-22
437,Finance,North America,4.7,Company E,68931,3.2,2023-06-27
438,Education,Europe,4.1,Company B,142876,4.7,2023-12-23
439,Technology,Africa,9.1,Company A,50336,2.6,2023-01-03
440,Technology,Africa,1.2,Company A,92933,3.1,2023-08-02
441,Retail,Asia,7.0,Company F,95536,4.7,2023-12-08
442,Finance,Europe,9.7,Company B,119504,3.1,2023-03-15
443,Finance,Asia,6.0,Company E,149214,3.1,2023-02-20
444,Retail,Europe,9.4,Company A,163936,2.8,2023-03-08
445,Education,Asia,1.5,Company E,66279,4.6,2023-11-28
446,Finance,Africa,4.8,Company D,153751,3.8,2023-04-03
447,Technology,Africa,3.3,Company E,154433,4.2,2023-06-25
448,Technology,North America,7.6,Company C,121386,3.1,2023-05-25
449,Healthcare,Asia,9.8,Company C,136124,4.4,2023-01-07
450,Finance,South America,3.3,Company E,155750,4.4,2023-09-26
451,Education,North America,6.9,Company C,127485,3.3,2023-11-18
452,Retail,Asia,2.8,Company D,124055,3.5,2023-01-04
453,Retail,Asia,6.1,Company B,141911,3.0,2023-05-18
454,Education,North America,5.2,Company C,148618,4.9,2023-08-19
455,Healthcare,Africa,9.7,Company C,163892,4.1,2023-03-29
456,Retail,Asia,6.5,Company E,121128,4.8,2023-01-17
457,Finance,Africa,4.1,Company D,199180,3.3,2023-02-21
458,Healthcare,North America,2.0,Company B,102495,4.5,2023-05-14
459,Finance,Africa,2.4,Company E,132806,4.4,2023-07-30
460,Technology,Europe,3.0,Company E,143185,4.2,2023-11-21
461,Healthcare,South America,3.3,Company F,99649,4.9,2023-08-07
462,Retail,Asia,8.7,Company D,145402,3.5,2023-07-24
463,Healthcare,South America,6.1,Company B,80676,2.8,2023-07-30
464,Healthcare,Africa,5.7,Company D,114093,4.2,2023-10-04
465,Healthcare,Asia,2.0,Company B,129414,4.3,2023-01-24
466,Healthcare,Africa,8.7,Company D,143095,3.9,2023-01-04
467,Finance,Europe,7.5,Company E,122307,3.0,2023-06-01
468,Technology,North America,1.6,Company E,145432,3.8,2023-09-16
469,Education,Asia,7.4,Company A,81923,3.3,2023-11-20
470,Healthcare,Europe,5.9,Company C,167449,3.6,2023-12-23
471,Retail,Europe,1.7,Company F,97574,4.1,2023-06-17
472,Healthcare,Asia,5.1,Company D,171757,4.4,2023-06-25
473,Retail,Africa,5.4,Company F,103664,3.1,2023-11-06
474,Finance,Europe,2.5,Company A,117384,3.5,2023-10-18
475,Retail,South America,9.5,Company C,81027,3.2,2023-02-25
476,Education,Europe,8.6,Company D,84485,3.0,2023-04-18
477,Technology,Africa,7.0,Company B,85554,4.5,2023-10-23
478,Retail,Africa,5.2,Company C,96922,4.8,2023-11-20
479,Retail,South America,4.7,Company E,63409,3.4,2023-10-29
480,Technology,Europe,6.9,Company A,86639,4.4,2023-11-30
481,Education,Africa,5.9,Company C,69692,4.7,2023-05-21
482,Healthcare,Asia,1.6,Company C,139037,4.6,2023-06-04
483,Retail,North America,5.6,Company E,68074,3.0,2023-09-19
484,Technology,North America,8.3,Company D,196621,4.9,2023-09-30
485,Finance,North America,5.1,Company B,79963,3.4,2023-08-20
486,Technology,Europe,1.5,Company E,102265,3.3,2023-08-29
487,Finance,South America,8.1,Company B,66061,2.7,2023-12-21
488,Education,Africa,2.8,Company D,163502,3.7,2023-12-03
489,Healthcare,Asia,3.3,Company C,72800,2.8,2023-09-15
490,Technology,Asia,2.5,Company B,166192,3.1,2023-09-06
491,Retail,Europe,4.0,Company A,157228,3.3,2023-03-18
492,Education,North America,7.8,Company A,78054,4.5,2023-06-29
493,Technology,Europe,5.7,Company E,63233,4.7,2023-03-07
494,Retail,South America,2.8,Company D,115727,3.3,2023-11-04
495,Technology,South America,8.9,Company E,140610,4.6,2023-12-14
496,Finance,Africa,8.9,Company E,120453,4.6,2023-06-20
497,Technology,Africa,8.8,Company F,154135,4.4,2023-01-22
498,Technology,South America,3.1,Company E,158464,2.9,2023-04-17
499,Technology,South America,5.1,Company F,63682,4.2,2023-11-19
500,Education,South America,9.9,Company A,108160,4.9,2023-08-15
501,Technology,Europe,7.9,Company A,73666,4.2,2023-08-04
502,Retail,South America,1.2,Company E,108817,3.3,2023-03-10
503,Finance,Asia,1.6,Company A,141198,3.8,2023-03-25
504,Finance,North America,5.2,Company D,91830,4.1,2023-04-13
505,Technology,South America,9.2,Company F,60234,3.8,2023-02-08
506,Education,North America,5.8,Company F,107616,2.8,2023-01-13
507,Education,Europe,5.5,Company E,59221,3.3,2023-10-24
508,Retail,North America,1.9,Company A,192482,4.5,2023-11-09
509,Technology,Europe,6.9,Company B,51051,4.7,2023-06-30
510,Finance,Asia,8.4,Company F,160529,2.8,2023-09-25
511,Education,Europe,4.4,Company E,126918,4.9,2023-01-13
512,Technology,Europe,8.0,Company E,128116,3.3,2023-04-30
513,Education,Africa,9.7,Company D,172226,4.2,2023-12-19
514,Education,South America,2.8,Company C,94757,4.4,2023-02-26
515,Finance,South America,5.7,Company C,171008,4.5,2023-02-09
516,Healthcare,Asia,3.6,Company F,181379,4.9,2023-12-02
517,Retail,Asia,8.1,Company D,106889,3.3,2023-05-08
518,Retail,South America,6.2,Company D,85944,4.6,2023-06-22
519,Finance,Africa,6.7,Company D,149555,2.8,2023-02-04
520,Education,South America,8.2,Company F,88134,4.3,2023-09-16
521,Technology,Africa,4.6,Company C,75954,4.4,2023-01-05
522,Education,Asia,9.2,Company D,139959,4.2,2023-08-06
523,Finance,North America,5.8,Company A,54992,3.1,2023-01-11
524,Retail,Asia,2.4,Company E,51961,4.7,2023-11-23
525,Education,Asia,7.3,Company E,62497,2.9,2023-04-27
526,Retail,Europe,8.1,Company B,63255,2.6,2023-07-03
527,Technology,Europe,3.9,Company B,185639,4.3,2023-12-28
528,Retail,Europe,8.7,Company F,98847,3.7,2023-04-26
529,Retail,Europe,9.2,Company F,70389,4.6,2023-06-11
530,Healthcare,Africa,3.5,Company E,173802,3.5,2023-03-08
531,Healthcare,South America,9.9,Company A,111576,2.9,2023-07-19
532,Healthcare,North America,2.3,Company C,93919,4.6,2023-01-31
533,Retail,Asia,2.8,Company C,53358,3.9,2023-03-16
534,Finance,Africa,2.7,Company F,138535,3.0,2023-08-25
535,Retail,North America,9.0,Company A,155982,4.3,2023-11-23
536,Finance,Africa,6.9,Company F,55698,3.8,2023-03-07
537,Finance,Africa,2.4,Company C,116809,4.0,2023-03-11
538,Healthcare,Asia,5.0,Company F,143079,3.7,2023-10-24
539,Education,South America,6.5,Company D,105805,4.6,2023-01-20
540,Technology,Europe,1.8,Company F,125033,4.6,2023-08-14
541,Healthcare,South America,8.9,Company E,148239,4.3,2023-07-18
542,Healthcare,Asia,8.2,Company F,180407,2.8,2023-02-08
543,Education,Asia,5.5,Company E,94041,4.6,2023-05-25
544,Technology,Asia,9.7,Company A,81954,4.2,2023-02-14
545,Retail,North America,4.8,Company C,58002,4.2,2023-11-22
546,Retail,South America,9.9,Company B,119783,3.4,2023-04-01
547,Healthcare,South America,7.0,Company B,157524,4.7,2023-08-26
548,Technology,Africa,6.7,Company C,174857,4.3,2023-03-11
549,Healthcare,Africa,2.5,Company B,69738,2.8,2023-06-15
550,Finance,Africa,8.9,Company F,60703,3.5,2023-05-10
551,Healthcare,Asia,4.8,Company A,163776,4.7,2023-08-02
552,Healthcare,South America,2.5,Company A,193464,2.6,2023-12-06
553,Retail,Asia,1.1,Company C,94724,4.9,2023-03-30
554,Retail,North America,6.0,Company B,82299,4.2,2023-12-01
555,Retail,Africa,5.7,Company F,65641,4.1,2023-09-09
556,Finance,Asia,7.5,Company A,129534,3.2,2023-12-15
557,Retail,Asia,9.0,Company A,56305,3.1,2023-03-13
558,Technology,North America,1.7,Company D,68782,4.9,2023-06-14
559,Education,Europe,7.6,Company D,128257,3.2,2023-02-18
560,Technology,South America,2.7,Company A,127963,4.4,2023-02-21
561,Technology,Europe,8.7,Company C,171987,3.5,2023-10-16
562,Retail,Africa,8.4,Company E,174591,2.8,2023-10-05
563,Education,Asia,5.9,Company E,117766,2.5,2023-04-24
564,Education,North America,7.4,Company F,56511,3.9,2023-08-27
565,Education,North America,3.8,Company A,164816,4.9,2023-05-13
566,Finance,South America,5.2,Company A,54765,3.4,2023-10-01
567,Retail,Europe,8.4,Company A,73929,3.4,2023-06-15
568,Education,South America,5.1,Company C,161576,3.4,2023-10-20
569,Finance,Asia,4.2,Company D,121088,3.8,2023-08-31
570,Healthcare,South America,5.4,Company A,127525,3.6,2023-11-16
571,Healthcare,North America,8.5,Company A,63780,4.7,2023-05-18
572,Finance,North America,4.0,Company B,56589,3.8,2023-03-20
573,Finance,Africa,2.6,Company C,143664,3.8,2023-06-19
574,Retail,Africa,7.4,Company F,154188,2.8,2023-05-03
575,Retail,Asia,8.4,Company A,143326,5.0,2023-06-25
576,Healthcare,Europe,1.9,Company B,90953,3.1,2023-10-27
577,Education,South America,3.2,Company E,115785,2.7,2023-03-23
578,Healthcare,Asia,2.3,Company F,69309,4.2,2023-03-28
579,Education,Africa,4.1,Company A,104195,4.0,2023-08-13
580,Education,South America,5.1,Company A,75901,3.5,2023-01-16
581,Retail,Africa,7.7,Company B,75464,3.6,2023-11-06
582,Technology,South America,6.9,Company C,66260,4.5,2023-12-24
583,Technology,Europe,6.6,Company A,174997,3.0,2023-06-12
584,Finance,Asia,4.2,Company E,85440,4.6,2023-04-08
585,Retail,South America,8.6,Company A,145082,4.1,2023-06-05
586,Education,North America,5.2,Company E,155583,3.5,2023-01-02
587,Technology,North America,9.8,Company F,106683,3.6,2023-12-16
588,Education,South America,6.7,Company F,174206,3.1,2023-06-18
589,Technology,South America,2.1,Company D,183059,4.4,2023-11-11
590,Technology,South America,7.1,Company D,128484,3.8,2023-11-21
591,Technology,North America,3.9,Company E,194098,3.3,2023-04-02
592,Retail,North America,7.2,Company C,118309,4.0,2023-06-30
593,Healthcare,South America,1.6,Company A,95927,5.0,2023-08-19
594,Education,Africa,2.6,Company A,92946,3.6,2023-10-28
595,Retail,Africa,8.7,Company D,176503,4.8,2023-05-28
596,Retail,Europe,3.0,Company E,191449,3.4,2023-10-07
597,Retail,Asia,8.5,Company A,103592,2.6,2023-07-08
598,Retail,Africa,3.5,Company A,188419,3.0,2023-12-13
599,Retail,North America,6.8,Company C,83776,3.5,2023-12-16
600,Finance,Africa,7.2,Company B,184855,3.0,2023-11-10
601,Education,Europe,5.6,Company D,105798,2.5,2023-05-08
602,Retail,Europe,3.7,Company D,185370,4.8,2023-01-07
603,Education,Asia,2.9,Company B,120204,4.6,2023-02-16
604,Finance,Africa,1.3,Company A,136207,4.4,2023-02-22
605,Finance,North America,3.7,Company C,150356,2.9,2023-07-06
606,Education,North America,6.9,Company C,110652,2.8,2023-02-07
607,Technology,South America,9.4,Company D,179572,2.7,2023-08-14
608,Healthcare,North America,8.8,Company C,70922,4.3,2023-02-22
609,Technology,Asia,7.9,Company F,126996,4.8,2023-08-12
610,Technology,Asia,8.1,Company B,198040,3.6,2023-06-03
611,Technology,North America,7.0,Company A,80266,2.8,2023-02-17
612,Retail,North America,3.3,Company F,195083,3.8,2023-12-17
613,Finance,South America,9.2,Company B,52866,3.4,2023-05-27
614,Technology,North America,7.0,Company E,162669,3.4,2023-03-05
615,Finance,South America,6.0,Company D,55898,4.1,2023-12-15
616,Education,South America,2.0,Company C,68395,4.3,2023-07-01
617,Healthcare,North America,5.0,Company E,54006,2.8,2023-05-05
618,Education,Europe,5.1,Company C,60956,2.6,2023-06-28
619,Education,Europe,8.8,Company F,187150,5.0,2023-02-08
620,Retail,South America,5.9,Company A,145676,3.1,2023-09-17
621,Healthcare,North America,4.4,Company A,171724,2.6,2023-01-03
622,Education,Europe,9.8,Company A,112901,3.0,2023-03-05
623,Education,North America,2.0,Company C,157227,2.6,2023-01-29
624,Healthcare,North America,4.8,Company E,167192,3.5,2023-01-11
625,Healthcare,North America,1.4,Company A,81417,4.5,2023-04-07
626,Education,Africa,7.7,Company E,138020,3.4,2023-12-24
627,Healthcare,North America,9.3,Company C,133639,3.6,2023-07-22
628,Education,Africa,3.5,Company F,144881,4.2,2023-01-21
629,Education,South America,8.7,Company E,182659,3.8,2023-02-08
630,Retail,Europe,3.6,Company F,171688,4.7,2023-08-11
631,Technology,Europe,9.2,Company C,165584,4.7,2023-04-12
632,Education,Europe,7.8,Company C,136567,2.5,2023-02-15
633,Finance,Europe,8.2,Company D,125886,4.4,2023-03-07
634,Technology,Europe,1.2,Company C,199888,3.7,2023-04-01
635,Technology,Europe,9.7,Company C,79432,5.0,2023-06-13
636,Technology,Europe,7.5,Company B,122373,3.7,2023-04-21
637,Retail,South America,3.7,Company A,70884,5.0,2023-12-04
638,Education,North America,8.5,Company D,55454,4.4,2023-05-03
639,Retail,Asia,3.5,Company D,124960,3.1,2023-07-12
640,Education,Africa,8.9,Company D,152421,3.8,2023-04-09
641,Retail,Asia,2.0,Company B,93618,5.0,2023-10-18
642,Retail,Asia,7.3,Company F,97111,4.6,2023-06-08
643,Finance,North America,5.9,Company C,170592,2.7,2023-04-13
644,Retail,North America,1.9,Company A,109993,4.3,2023-10-08
645,Healthcare,North America,3.2,Company E,178652,3.4,2023-02-12
646,Finance,Europe,1.1,Company F,189920,2.5,2023-03-25
647,Retail,South America,5.2,Company C,128672,3.5,2023-07-10
648,Technology,Europe,3.7,Company B,116125,3.1,2023-02-20
649,Healthcare,South America,6.4,Company C,167509,4.5,2023-07-29
650,Healthcare,South America,3.7,Company C,111602,3.3,2023-05-06
651,Healthcare,Asia,3.7,Company B,92222,4.6,2023-03-10
652,Finance,Asia,7.7,Company D,99223,2.5,2023-09-22
653,Retail,South America,1.4,Company D,115333,3.3,2023-09-15
654,Retail,South America,9.1,Company A,172650,3.1,2023-07-07
655,Technology,Europe,8.7,Company A,99420,3.1,2023-08-18
656,Technology,Europe,7.0,Company D,125504,2.7,2023-07-08
657,Healthcare,Asia,6.3,Company F,52462,3.0,2023-01-10
658,Technology,North America,9.0,Company E,59460,3.9,2023-04-24
659,Finance,South America,2.7,Company C,149319,3.2,2023-03-17
660,Retail,Europe,1.7,Company E,190347,3.5,2023-06-13
661,Healthcare,Asia,3.2,Company C,194341,3.4,2023-03-26
662,Technology,Europe,8.2,Company D,179593,4.7,2023-02-18
663,Finance,South America,1.3,Company A,172672,4.8,2023-11-22
664,Finance,South America,6.2,Company F,122920,3.7,2023-06-26
665,Technology,Africa,10.0,Company A,72553,3.3,2023-08-06
666,Retail,North America,8.7,Company E,94036,2.8,2023-07-08
667,Technology,Africa,5.7,Company A,198441,4.9,2023-12-12
668,Healthcare,Asia,1.6,Company D,192867,2.7,2023-08-18
669,Technology,Europe,8.5,Company F,120021,3.2,2023-09-12
670,Finance,Asia,6.4,Company E,157205,3.2,2023-08-24
671,Technology,South America,2.0,Company F,138209,3.3,2023-01-26
672,Retail,Africa,1.8,Company C,125139,2.9,2023-03-13
673,Education,Africa,9.2,Company A,55368,4.5,2023-09-18
674,Technology,Africa,7.0,Company F,185693,2.8,2023-09-11
675,Retail,Asia,8.5,Company B,108829,4.1,2023-09-28
676,Retail,South America,8.9,Company A,179036,2.8,2023-05-03
677,Finance,Europe,6.1,Company C,64719,2.7,2023-05-24
678,Retail,Europe,5.7,Company F,79227,4.8,2023-09-14
679,Retail,Asia,4.9,Company E,159430,3.0,2023-05-24
680,Retail,Africa,3.9,Company C,188638,4.6,2023-09-16
681,Retail,North America,4.9,Company B,62306,3.9,2023-02-16
682,Healthcare,Asia,8.0,Company F,103822,2.7,2023-12-17
683,Healthcare,Asia,6.4,Company D,74042,4.9,2023-01-13
684,Finance,South America,9.0,Company A,196158,3.1,2023-07-27
685,Technology,Europe,5.0,Company E,198459,4.6,2023-11-07
686,Retail,Asia,6.5,Company D,139424,2.9,2023-08-23
687,Technology,Asia,6.7,Company F,199395,4.6,2023-05-29
688,Technology,Africa,6.3,Company F,68019,2.5,2023-11-18
689,Finance,Africa,7.3,Company C,125426,3.8,2023-06-04
690,Retail,North America,3.1,Company F,90863,4.4,2023-06-15
691,Retail,South America,5.6,Company E,161023,4.8,2023-03-31
692,Education,North America,1.9,Company D,191355,4.8,2023-07-05
693,Technology,Africa,4.5,Company E,199351,4.5,2023-11-14
694,Technology,Europe,5.4,Company B,96999,4.7,2023-12-24
695,Healthcare,Africa,6.9,Company B,112780,3.0,2023-06-23
696,Education,South America,9.6,Company A,72908,3.2,2023-08-05
697,Healthcare,Africa,6.4,Company A,176278,3.2,2023-09-21
698,Healthcare,South America,7.7,Company B,163002,3.4,2023-04-07
699,Healthcare,South America,5.6,Company F,150706,3.5,2023-04-27
700,Finance,South America,6.7,Company E,172019,3.9,2023-07-18
701,Finance,South America,1.6,Company B,159708,2.9,2023-11-16
702,Healthcare,South America,3.3,Company A,59343,4.2,2023-01-21
703,Education,Europe,4.3,Company B,126173,2.9,2023-07-19
704,Technology,North America,5.3,Company F,150260,3.3,2023-12-07
705,Education,Asia,1.4,Company B,119443,3.8,2023-09-05
706,Retail,North America,2.3,Company E,107530,4.5,2023-10-03
707,Finance,South America,3.5,Company D,185899,4.3,2023-09-21
708,Technology,Europe,9.7,Company F,146143,4.1,2023-02-27
709,Technology,Africa,4.0,Company A,194771,2.9,2023-10-29
710,Retail,Europe,5.3,Company E,164527,3.9,2023-01-31
711,Retail,South America,2.8,Company B,186385,2.7,2023-09-06
712,Healthcare,Europe,6.5,Company B,194670,3.4,2023-04-03
713,Finance,Europe,3.5,Company D,161362,3.5,2023-09-22
714,Finance,South America,2.9,Company A,78807,2.6,2023-09-28
715,Education,Europe,5.6,Company A,109550,3.2,2023-04-04
716,Healthcare,Asia,1.0,Company C,53558,4.9,2023-06-03
717,Healthcare,Asia,1.1,Company A,100113,4.9,2023-10-12
718,Healthcare,Europe,3.0,Company D,102999,3.4,2023-03-21
719,Healthcare,Africa,1.3,Company C,108219,2.6,2023-10-19
720,Finance,South America,2.0,Company C,103218,2.9,2023-03-25
721,Finance,Asia,4.0,Company B,69229,3.5,2023-12-31
722,Healthcare,Africa,8.2,Company B,125209,4.9,2023-02-06
723,Education,Europe,6.1,Company A,77877,2.9,2023-12-08
724,Technology,Africa,5.6,Company C,147137,4.4,2023-11-23
725,Technology,North America,3.6,Company B,88084,2.8,2023-08-20
726,Education,Asia,9.4,Company D,131780,5.0,2023-04-03
727,Healthcare,Europe,4.6,Company B,197878,3.5,2023-12-02
728,Finance,South America,1.8,Company F,87034,4.4,2023-04-12
729,Technology,Europe,6.6,Company F,105468,3.4,2023-06-15
730,Retail,South America,2.0,Company B,60589,4.1,2023-06-08
731,Retail,Europe,4.1,Company C,107221,3.0,2023-01-14
732,Education,Africa,5.6,Company C,51657,2.9,2023-08-13
733,Healthcare,Africa,8.9,Company E,148300,4.8,2023-03-14
734,Technology,Africa,5.4,Company F,167229,4.8,2023-09-06
735,Healthcare,North America,7.3,Company D,89531,4.7,2023-04-01
736,Technology,South America,9.9,Company C,102227,4.1,2023-08-04
737,Education,Africa,2.2,Company A,53164,4.5,2023-03-31
738,Education,North America,3.5,Company F,143078,2.7,2023-01-29
739,Retail,South America,4.6,Company D,91247,3.3,2023-11-01
740,Healthcare,Europe,4.8,Company D,100599,3.3,2023-08-08
741,Retail,North America,4.7,Company C,185624,4.1,2023-11-24
742,Healthcare,Asia,9.2,Company D,190489,3.4,2023-08-03
743,Retail,North America,7.4,Company C,118207,2.9,2023-08-09
744,Finance,North America,6.5,Company B,122055,4.0,2023-02-11
745,Finance,South America,3.8,Company F,152266,4.5,2023-05-15
746,Finance,Europe,8.4,Company E,128270,3.5,2023-02-11
747,Finance,Asia,9.6,Company B,161426,2.8,2023-06-13
748,Technology,Africa,8.4,Company F,184794,3.0,2023-12-27
749,Finance,Africa,1.0,Company C,120442,3.1,2023-10-10
750,Education,North America,6.7,Company F,145632,3.2,2023-02-27
751,Education,South America,1.5,Company C,71438,4.1,2023-10-29
752,Technology,South America,3.3,Company B,108819,4.0,2023-11-18
753,Finance,Africa,1.5,Company A,93856,4.2,2023-01-25
754,Finance,Asia,6.4,Company A,91938,3.4,2023-03-14
755,Finance,Europe,7.2,Company F,109807,4.6,2023-05-09
756,Retail,Asia,2.0,Company A,99877,3.0,2023-03-28
757,Healthcare,Europe,4.5,Company C,93461,3.7,2023-11-26
758,Retail,Africa,5.1,Company D,143474,4.5,2023-06-02
759,Healthcare,Europe,4.3,Company C,133136,3.0,2023-07-01
760,Finance,South America,2.1,Company D,70435,2.8,2023-05-05
761,Finance,North America,4.8,Company B,195263,4.7,2023-03-08
762,Retail,North America,7.8,Company E,134726,3.4,2023-01-06
763,Retail,Africa,1.6,Company D,104786,4.2,2023-05-05
764,Healthcare,South America,1.7,Company A,63704,2.6,2023-11-10
765,Education,Asia,4.2,Company C,106635,4.2,2023-11-22
766,Healthcare,South America,9.5,Company B,183195,3.3,2023-02-22
767,Retail,North America,7.0,Company A,140710,2.6,2023-03-07
768,Retail,North America,7.1,Company B,112993,4.0,2023-11-10
769,Technology,South America,4.3,Company E,162752,3.1,2023-03-23
770,Retail,South America,6.3,Company C,182886,3.5,2023-03-28
771,Technology,North America,1.1,Company F,128537,2.7,2023-01-02
772,Education,Asia,6.7,Company C,100258,2.9,2023-07-23
773,Healthcare,Africa,9.2,Company E,197580,3.2,2023-05-30
774,Healthcare,Africa,6.5,Company C,135166,2.7,2023-10-20
775,Technology,South America,8.9,Company F,163710,4.8,2023-04-13
776,Healthcare,Africa,7.5,Company D,85699,2.5,2023-01-24
777,Retail,North America,2.1,Company B,96335,3.7,2023-07-31
778,Finance,North America,9.1,Company F,96806,2.8,2023-03-06
779,Technology,South America,1.6,Company A,127853,3.3,2023-07-28
780,Healthcare,South America,5.8,Company E,85739,4.8,2023-09-08
781,Technology,South America,2.3,Company D,84785,2.9,2023-04-27
782,Technology,Asia,1.1,Company A,135016,4.9,2023-04-26
783,Finance,Africa,4.8,Company A,182681,3.0,2023-08-25
784,Retail,South America,3.7,Company E,116253,4.4,2023-04-15
785,Technology,Europe,5.4,Company D,141128,3.9,2023-09-16
786,Healthcare,Europe,6.2,Company A,177581,4.7,2023-02-15
787,Education,North America,1.4,Company A,160966,3.9,2023-11-07
788,Technology,Africa,2.1,Company D,187854,3.8,2023-11-27
789,Technology,South America,6.0,Company C,149352,3.0,2023-08-04
790,Finance,Europe,4.1,Company A,127154,2.9,2023-10-28
791,Retail,Africa,7.6,Company B,189379,4.8,2023-11-29
792,Education,North America,6.9,Company D,158297,3.3,2023-01-24
793,Healthcare,Asia,8.6,Company A,88346,3.4,2023-02-04
794,Education,Africa,7.2,Company E,162138,4.4,2023-01-24
795,Healthcare,Africa,4.9,Company F,100772,3.3,2023-01-28
796,Retail,Asia,7.1,Company B,90149,4.9,2023-01-16
797,Healthcare,Africa,3.5,Company F,136700,4.3,2023-02-28
798,Finance,North America,3.8,Company F,146758,4.0,2023-08-31
799,Finance,North America,8.1,Company A,178447,4.7,2023-07-26
800,Finance,Asia,5.0,Company B,55695,2.6,2023-09-28
801,Finance,South America,8.2,Company B,89169,3.1,2023-09-06
802,Education,Europe,8.4,Company C,97947,3.7,2023-09-24
803,Retail,South America,8.7,Company F,95865,3.1,2023-07-12
804,Healthcare,Africa,9.2,Company B,154501,4.4,2023-12-01
805,Healthcare,Europe,4.9,Company C,110410,4.8,2023-08-06
806,Finance,Asia,3.9,Company D,153754,3.6,2023-04-25
807,Finance,Asia,6.2,Company C,140895,3.4,2023-03-09
808,Technology,Europe,4.3,Company E,100705,4.9,2023-10-26
809,Retail,North America,6.4,Company A,165700,3.6,2023-11-21
810,Education,Europe,7.4,Company D,123914,3.7,2023-03-16
811,Healthcare,Africa,7.2,Company D,51881,3.4,2023-04-13
812,Technology,North America,4.4,Company E,97365,4.8,2023-10-24
813,Technology,Asia,2.5,Company C,129211,3.9,2023-06-27
814,Healthcare,Europe,4.9,Company A,91198,4.4,2023-08-03
815,Education,South America,2.3,Company C,150649,4.5,2023-11-11
816,Technology,South America,9.0,Company B,197531,3.4,2023-02-08
817,Technology,Africa,4.1,Company C,186949,3.6,2023-09-16
818,Retail,South America,2.4,Company D,89553,4.6,2023-07-23
819,Education,Europe,1.2,Company A,185994,3.4,2023-01-07
820,Technology,Europe,6.8,Company C,172778,4.5,2023-02-18
821,Education,South America,6.7,Company A,167018,4.9,2023-01-26
822,Healthcare,Europe,4.1,Company A,185758,4.1,2023-06-10
823,Finance,Africa,1.6,Company B,82766,4.4,2023-12-23
824,Technology,North America,4.7,Company B,82006,4.5,2023-06-25
825,Retail,Africa,3.8,Company D,81422,4.6,2023-03-20
826,Healthcare,Africa,7.1,Company E,166590,3.5,2023-01-02
827,Education,Europe,6.5,Company A,62205,2.6,2023-05-12
828,Healthcare,North America,4.3,Company E,199515,3.5,2023-10-03
829,Technology,Europe,3.0,Company D,197596,4.2,2023-04-27
830,Education,Asia,9.9,Company A,166477,3.6,2023-06-13
831,Finance,Europe,5.1,Company A,78202,4.4,2023-10-15
832,Healthcare,Europe,7.2,Company F,111692,3.4,2023-01-28
833,Technology,Europe,2.3,Company E,70855,4.1,2023-11-29
834,Retail,North America,5.4,Company C,75095,3.0,2023-01-01
835,Education,Europe,1.2,Company B,99241,4.4,2023-07-07
836,Healthcare,North America,5.5,Company C,153119,3.9,2023-02-25
837,Healthcare,South America,9.7,Company E,102003,3.0,2023-02-04
838,Finance,Asia,4.5,Company B,144837,3.2,2023-04-22
839,Finance,North America,1.4,Company C,144283,4.4,2023-10-13
840,Retail,South America,1.3,Company F,197044,3.7,2023-11-06
841,Retail,North America,4.5,Company B,173805,3.0,2023-02-05
842,Technology,North America,2.4,Company A,143846,4.9,2023-08-05
843,Technology,Asia,1.2,Company C,72927,4.3,2023-03-21
844,Retail,Africa,7.8,Company B,170589,4.9,2023-11-10
845,Retail,Africa,5.1,Company F,165657,3.6,2023-03-24
846,Education,North America,3.6,Company B,116630,3.7,2023-03-06
847,Finance,Europe,9.1,Company B,154428,4.7,2023-11-21
848,Technology,South America,2.0,Company F,172035,3.8,2023-05-08
849,Finance,Europe,9.6,Company C,176244,4.3,2023-11-03
850,Finance,Europe,3.8,Company D,119518,3.1,2023-01-22
851,Retail,North America,9.0,Company C,131326,3.6,2023-08-04
852,Education,North America,6.4,Company E,193277,2.8,2023-04-17
853,Healthcare,North America,8.4,Company F,170243,3.0,2023-04-19
854,Education,North America,9.9,Company C,62748,2.5,2023-12-23
855,Education,Africa,3.6,Company B,184164,2.6,2023-06-30
856,Finance,North America,9.7,Company F,103311,4.9,2023-12-22
857,Education,Africa,4.5,Company A,72692,3.1,2023-06-13
858,Technology,Africa,4.5,Company C,174954,4.2,2023-03-09
859,Finance,North America,4.1,Company F,180035,4.6,2023-10-19
860,Technology,Asia,5.9,Company C,129507,3.9,2023-06-29
861,Healthcare,South America,2.4,Company F,130152,2.9,2023-06-30
862,Finance,Europe,6.0,Company B,54926,4.3,2023-06-18
863,Healthcare,Africa,5.9,Company A,53969,4.0,2023-01-22
864,Finance,South America,7.9,Company A,85733,4.3,2023-03-07
865,Retail,Asia,8.5,Company E,119855,4.4,2023-01-21
866,Education,Europe,5.0,Company F,91743,4.9,2023-04-10
867,Retail,Europe,3.7,Company C,180193,3.9,2023-10-27
868,Healthcare,Africa,3.3,Company A,157445,3.4,2023-04-13
869,Education,North America,2.8,Company A,70323,4.1,2023-02-16
870,Finance,Asia,1.5,Company D,66428,2.7,2023-02-08
871,Education,Africa,4.1,Company D,84578,4.7,2023-10-12
872,Technology,Asia,3.4,Company A,136486,2.8,2023-11-06
873,Education,North America,9.7,Company F,114140,3.3,2023-03-31
874,Technology,North America,6.0,Company E,157325,4.5,2023-03-26
875,Education,Africa,4.1,Company A,133829,4.0,2023-09-30
876,Technology,North America,6.2,Company B,56364,3.5,2023-12-02
877,Healthcare,South America,2.3,Company C,178867,3.7,2023-07-07
878,Retail,Europe,5.0,Company E,181763,4.6,2023-06-08
879,Finance,Africa,6.6,Company B,145598,3.4,2023-08-31
880,Education,Asia,5.4,Company E,107062,4.7,2023-03-14
881,Retail,South America,4.6,Company B,194933,2.7,2023-02-18
882,Finance,Africa,9.9,Company C,138302,4.4,2023-04-11
883,Finance,North America,8.9,Company C,113928,4.6,2023-01-02
884,Technology,North America,6.6,Company D,91347,3.0,2023-09-01
885,Healthcare,North America,6.1,Company F,53121,3.6,2023-06-25
886,Healthcare,North America,6.6,Company B,133793,2.9,2023-08-26
887,Retail,Asia,2.8,Company D,78164,4.3,2023-02-28
888,Healthcare,South America,4.6,Company B,75491,3.8,2023-12-19
889,Education,Europe,1.4,Company D,109222,4.1,2023-04-09
890,Healthcare,Asia,5.3,Company C,53748,3.0,2023-12-25
891,Retail,Asia,5.9,Company E,76553,3.0,2023-01-02
892,Healthcare,Europe,3.0,Company D,166547,2.6,2023-08-31
893,Education,Europe,9.7,Company B,110380,3.3,2023-10-24
894,Technology,North America,9.2,Company B,94331,3.9,2023-07-30
895,Retail,Asia,7.5,Company F,170617,4.6,2023-05-03
896,Technology,Africa,5.8,Company C,89560,4.2,2023-08-17
897,Technology,Europe,8.8,Company B,103865,3.6,2023-03-23
898,Technology,Europe,2.2,Company A,125910,4.9,2023-05-24
899,Finance,South America,8.1,Company E,185747,4.3,2023-05-20
900,Finance,Africa,2.1,Company D,127986,4.8,2023-01-29
901,Technology,Africa,8.1,Company F,60068,3.8,2023-09-27
902,Retail,Europe,3.5,Company E,104460,3.1,2023-09-04
903,Education,North America,8.9,Company C,150766,2.6,2023-01-12
904,Education,South America,9.5,Company F,96418,4.3,2023-12-21
905,Healthcare,Africa,2.3,Company D,76206,2.8,2023-12-03
906,Retail,Europe,5.2,Company D,178180,3.3,2023-04-16
907,Finance,Africa,9.8,Company A,50287,3.8,2023-02-01
908,Technology,South America,5.4,Company C,72337,3.9,2023-03-15
909,Healthcare,South America,8.8,Company F,182233,4.0,2023-06-20
910,Education,Asia,6.3,Company F,150667,2.9,2023-12-03
911,Finance,Europe,4.4,Company B,140071,3.4,2023-03-10
912,Finance,South America,3.6,Company A,148064,4.0,2023-10-28
913,Technology,Asia,2.8,Company A,156511,4.9,2023-12-28
914,Education,Asia,7.9,Company F,195830,4.3,2023-05-17
915,Retail,Africa,4.5,Company F,53178,4.8,2023-04-10
916,Finance,Africa,5.6,Company E,81831,4.4,2023-05-26
917,Technology,Asia,5.4,Company E,183248,4.0,2023-01-09
918,Retail,Africa,6.2,Company E,153306,3.0,2023-03-03
919,Education,South America,8.8,Company A,162025,4.2,2023-07-04
920,Finance,North America,9.8,Company B,140417,4.1,2023-01-29
921,Retail,South America,4.7,Company D,61984,4.0,2023-04-24
922,Retail,Asia,8.4,Company E,139312,3.7,2023-05-23
923,Retail,Asia,7.9,Company B,133291,3.8,2023-04-30
924,Finance,South America,6.2,Company C,57135,3.3,2023-06-19
925,Finance,Africa,9.6,Company E,50320,3.8,2023-06-06
926,Healthcare,Africa,2.8,Company D,138774,3.0,2023-12-01
927,Education,Asia,2.0,Company C,148071,4.5,2023-12-15
928,Technology,Europe,8.7,Company C,191842,3.0,2023-09-17
929,Retail,Africa,5.0,Company D,159863,2.7,2023-03-23
930,Healthcare,South America,8.6,Company E,91777,3.6,2023-08-30
931,Technology,Africa,9.0,Company A,96250,4.1,2023-06-21
932,Healthcare,South America,1.6,Company D,123034,3.6,2023-08-19
933,Finance,Asia,9.0,Company D,154940,3.2,2023-07-27
934,Retail,Africa,5.0,Company D,90130,3.9,2023-03-16
935,Technology,South America,5.6,Company C,183609,3.4,2023-09-27
936,Technology,Asia,6.6,Company B,65216,4.8,2023-04-24
937,Technology,Europe,9.3,Company A,134149,4.8,2023-03-03
938,Technology,South America,1.2,Company E,53009,3.8,2023-12-28
939,Technology,Europe,5.3,Company E,139904,3.3,2023-11-16
940,Healthcare,Europe,7.2,Company B,195281,4.3,2023-04-12
941,Retail,North America,7.5,Company D,65029,2.6,2023-12-28
942,Finance,Africa,7.2,Company A,152171,3.7,2023-07-29
943,Finance,South America,2.2,Company E,164456,3.3,2023-09-12
944,Finance,Europe,3.7,Company F,112559,4.8,2023-01-20
945,Finance,North America,4.2,Company E,114892,2.5,2023-02-27
946,Healthcare,Asia,8.2,Company D,120409,3.9,2023-04-22
947,Education,South America,3.5,Company F,189707,4.4,2023-11-09
948,Retail,Europe,2.9,Company B,83065,3.7,2023-07-15
949,Technology,Africa,9.6,Company A,170544,2.7,2023-12-19
950,Education,North America,1.1,Company B,157340,4.9,2023-04-02
951,Finance,Europe,10.0,Company B,83783,3.8,2023-02-21
952,Education,Africa,7.1,Company A,84152,4.0,2023-10-20
953,Retail,Europe,8.5,Company A,108741,3.1,2023-01-08
954,Technology,South America,3.7,Company E,157049,3.7,2023-10-27
955,Technology,South America,1.1,Company E,79092,3.6,2023-04-08
956,Retail,South America,7.6,Company A,198725,2.7,2023-08-24
957,Retail,North America,8.5,Company F,136483,2.8,2023-03-10
958,Finance,South America,7.7,Company C,171585,4.6,2023-02-14
959,Technology,Africa,2.3,Company E,109754,3.1,2023-05-17
960,Education,Europe,7.8,Company C,137592,3.0,2023-08-22
961,Healthcare,Asia,7.9,Company F,144543,3.8,2023-02-01
962,Healthcare,Africa,6.9,Company A,93169,4.4,2023-10-16
963,Retail,Africa,7.9,Company F,104745,2.7,2023-05-06
964,Finance,South America,8.6,Company E,160168,3.9,2023-03-08
965,Healthcare,North America,6.5,Company B,163985,2.8,2023-01-30
966,Technology,Europe,1.8,Company A,55543,2.6,2023-04-24
967,Retail,North America,5.4,Company D,71067,2.6,2023-07-23
968,Education,Europe,1.7,Company C,101033,4.6,2023-01-29
969,Retail,Europe,4.7,Company F,95256,2.8,2023-05-11
970,Education,North America,4.7,Company A,136803,2.6,2023-07-04
971,Retail,Africa,1.6,Company F,168843,3.6,2023-09-10
972,Retail,Europe,4.1,Company A,78992,4.6,2023-10-13
973,Retail,North America,2.0,Company E,98803,3.2,2023-03-03
974,Education,Europe,8.3,Company E,159975,3.6,2023-01-03
975,Education,Asia,9.5,Company E,194282,2.6,2023-03-09
976,Retail,Africa,1.7,Company F,76270,3.6,2023-01-25
977,Healthcare,South America,9.6,Company D,186269,3.9,2023-06-28
978,Finance,Europe,5.7,Company E,57452,3.9,2023-05-21
979,Finance,Asia,3.7,Company A,91486,3.3,2023-08-19
980,Finance,South America,1.7,Company E,64859,3.3,2023-10-27
981,Education,South America,5.5,Company B,82083,2.8,2023-06-12
982,Education,Europe,8.2,Company E,117708,3.4,2023-11-07
983,Healthcare,North America,7.4,Company F,161462,2.7,2023-05-10
984,Finance,Europe,1.5,Company D,197735,4.4,2023-09-03
985,Finance,Asia,1.7,Company B,143076,4.9,2023-10-24
986,Retail,South America,4.6,Company F,69053,4.9,2023-06-21
987,Education,Europe,3.7,Company F,192157,4.7,2023-03-05
988,Finance,North America,3.1,Company F,139745,4.0,2023-01-31
989,Healthcare,Europe,3.5,Company A,119517,4.3,2023-02-16
990,Healthcare,Africa,8.2,Company F,186319,3.2,2023-05-10
991,Finance,North America,9.4,Company A,191625,4.1,2023-12-18
992,Education,Asia,4.6,Company F,187207,3.6,2023-11-29
993,Healthcare,South America,9.2,Company C,186645,3.7,2023-04-20
994,Retail,Europe,3.9,Company B,129267,4.4,2023-03-10
995,Healthcare,North America,5.3,Company C,188261,3.2,2023-02-27
996,Technology,Africa,3.0,Company F,130077,3.3,2023-04-16
997,Technology,North America,6.8,Company B,126623,4.8,2023-10-27
998,Education,Africa,9.8,Company B,181004,2.6,2023-11-26
999,Finance,Asia,6.4,Company D,103687,3.7,2023-09-13
